artists,name,id,popularity
Crystal Waters,Gypsy Woman (She's Homeless) - Radio Edit,4UJ1AKSbXAbPlPVFe66wK7,63
Elder Island,The Big Unknown,2yMR0hZZk0oBw2XBvhQTSF,0
Jungle,Drops,6FvjAQqC2L0B3TTANybitI,0
Jungle,The Heat,49sqQIS868rKIy5NBUmJV6,0
Feist,1234,2CzWeyC9zlDpIOZPUUKrBW,61
"Pedro Vega Francia, Ibrahim Ferrer",Bruca Manigua - son/afro,1aX4nYXAkWB0fxJ0OIDT2N,0
"Faustino Oramas, Ibrahim Ferrer",Marieta - son,5rEzxwQEp8Ns8W4pBhJdMm,0
Compay Segundo,La negra Tomasa,0LnDOnjj6cn5BYzcLPpnql,39
Ibrahim Ferrer,El botellero - Remastered,3E8iyU2MYita96QZEWm9ze,6
Tracy Chapman,Talkin' Bout a Revolution,0YMFcrMtBowDdD5bPz0cgy,70
Vance Joy,Riptide,1KqlVt63Q4bl1VdSlymr5C,55
Buena Vista Social Club,Chan Chan,7DqTaelFf846rl1CHmyfOW,0
Buena Vista Social Club,De Camino a La Vereda,1E7EDGKKn6I8fzlYQbYlsh,0
Buena Vista Social Club,Candela,5FEbJEYluldTJNZOeAahlC,0
Buena Vista Social Club,El Cuarto De Tula,0NkBKaWhqR1KN67bUPlvYp,0
Buena Vista Social Club,El Carretero,3sNO5YDC03WoCQ6nnd15Y7,0
"Celia Romero, Ibrahim Ferrer",Guateque Campesino - son montuno/guajira,3voMvxEonyLjSSqeefBTkt,0
Compay Segundo,Hey caramba,1Jo91bcab825c7jnpOuopM,12
Compay Segundo,Sarandonga,7JS7cIRFyQni7OUN4ogQds,13
Ibrahim Ferrer,Marieta,3oFwFUxhOgem0hPpFsor1n,0
Ibrahim Ferrer,Bruca Manigua,2nRmc4GL2U1Ehrqzf4eCqF,0
Ibrahim Ferrer,Mi oriente - Remastered,5YWgVIYtSOJe4vqMjLuows,4
Ibrahim Ferrer,Cucuruchito de coco - Remastered,0rUFjFvXxne4a9pn6f5SYl,4
Ibrahim Ferrer,El son de la santiaguera - Remastered,0ZutCv7JzcytlDvPDOtEJA,4
Ibrahim Ferrer,El compositor confundido - Remastered,0yhYhUmwRvySOGpTaSS9LX,6
Bette Midler,Friends,65IBZdZKa97YPagzpU9l6S,17
Neko Case,Magpie To The Morning,3m0seu02tGb3JGcNmUTA9g,0
George Michael,Freedom! '90,1D6nV9TPfMnWm7UdVsDVfI,0
George Michael,Faith - Remastered,0HEmnAUT8PHznIAAmVXqFJ,76
ESKA,Shades of Blue,32X6U6PA2usxv6IymbcYC9,0
The Champs,Tequila,5gJKsGij5oGt5H5RSFYXPa,61
Rosana,El talism√°n,6MAc5O4zy04wUPQJNqJz5Q,49
The Black Keys,Lonely Boy,5G1sTBGbZT5o4PNRc75RKI,74
The Drums,Days,0z5Qmq1mDE42rabLUQtlST,0
Miriam Makeba,West Wind,2wG0sjacAIEJetdHOMoDoh,0
"Disclosure, SinÈad Harnett",Boiling,3BEGSRPgeIOUKdMXzJL84R,44
Will Smith,Miami,6e8Ou0wiqAzIpWb2eSxll8,72
Duck Sauce,Barbra Streisand - Radio Edit,3BTqZwYj9bYNbrnXWwp3uu,51
Beirut,Gibraltar,6Pw7vGpP1Ea6WN15QAueGa,0
Yo La Tengo,You Can Have It All,4GrfClvQgCVLsCfqw7YthQ,0
George Benson,Give Me the Night,62GYoGszQfROZswLee6W3O,66
Vance Joy,Mess Is Mine,7BVwi9cIzSc6tpyxsp47vJ,66
Faithless,"Miss U Less, See U More - Single Mix",2X1zsG1osgirE9cpP2U0f7,31
KC & The Sunshine Band,Get Down Tonight,7dNUfw7xbVXz4wyQTsMYmt,47
Nolan Porter,If I Could Only Be Sure,5Z0rSv9u15Isq5l8nBIvqU,0
Sidestepper,Supernatural Love,3xdZjXNSFZSsiqlQLpSuDv,0
Sidestepper,Lover,15ew5x9RJi7yvUqO7bvQaG,0
DVA,Tatanc,75GlzCWRluAo6PYFvDox38,15
Gipsy Kings,Bamboleo,00iFo2OC2LyRliYG2cKBdW,0
Gipsy Kings,Volare (Nel Blu di Pinto di Blu),7I5TZatYj6zoKjjfnLeIwh,0
Jason Nolan,Late Night City Hawks,7dJWa2SkugsqBiZwHVJnds,0
Vance Joy,Saturday Sun,2RiBogNRfulkNf7fVbPOrJ,73
Izo FitzRoy,Skyline,4Bru5Xm7RPxe5RD27LtqNa,38
The Chills,Pink Frost,70edK8hEu22TwodGaahjdO,47
Beastie Boys,Something's Got To Give,52hyQiu5rDGfJe80NsQBwP,0
Mark Morrison,Return of the Mack,3jDdpx9PMlfMBS5tOBHFm9,76
"The Supermen Lovers, Mani Hoffman",Starlight - Radio Edit,4UfupbARPxljVkBmuZlJnY,63
The Bravery,An Honest Mistake,1ipGWhDXNLqIPmOYwyo6Fn,32
Basement Jaxx,Magnificent Romeo,3qmlK37VczSB0j5PHJHMmr,0
Lambchop,Up With People,2T9zCNYwCp26Dhynw58wx7,0
Pumarosa,Barefoot,7LthltqksFCtQaQV58JP2t,0
Los Porcos,Porc Noise Complaint,5wu4bWRhNne5JnWYsXSUDx,0
CCFX,The One to Wait,3MPFzBWdqwaAeCSQpA7Ift,4
Guillem Roma,El rei va per dins,7EdA1i3wdDbe2M3CkM4aAi,15
Yves Tumor,The Feeling When You Walk Away,2I3l32ErrSKFxVEfT7Fnuw,0
Mazzy Star,That Way Again,0TIQ60yLeT4khQVvzH673I,39
Jye,Beachy Girl,0uHVEoupZxCpOlZSXwnXtw,0
Mac DeMarco,Still Beating,2N4idqj9TT3HnH2OFT9j0v,19
MY BABY,Out On Gin,7HGxtJgtyp6nCdHOIFYco0,42
Crazy P,Something More,5gf6B78U9yT5inZsJidlVO,0
Nirvana,Dumb,39XIQUu2DkPfYPD21Qpqtc,0
TM Juke,Marbles & Drains,6IFNvtvRgFas5MYqMfvoET,0
Vaya Con Dios,Puerto Rico,3hgcfNQI4jOIqjhI13im4E,51
Shintaro Sakamoto,ÂπΩÈúä„ÅÆÊ∞óÂàÜ„Åß,33lzcewanoOe64goFfsy2k,36
Fat Larry's Band,Act Like You Know,1AOacbO5iSMxrGMihq9QDA,57
A Beacon School,It's Late,68rJ0H3kRU7w6Px2pWsH0M,0
Alex Preston,Close to You,2wxaO6dNdaFK9Wop97F5mc,5
Lenny Kravitz,Low - Edit,2jmPAcUIEMRjhdssVy79Vu,55
Kool & The Gang,Jungle Boogie,3K0SJUQNbOkUprTFcwwAKN,64
Caveman,Shut You Down,0JKOfc3glKfMG3SsEwm8tl,0
Princess Nokia,ABCs of New York,3zUNq95ZQ66ksuszn0PJYI,0
Leyla McCalla,"A day for the hunter, a day for the prey",3qVXB1xk9vuhHb5egYb0FT,32
Paul Weller,Uh Huh Oh Yeh! (Always There To Fool You!),7Fd1zmUeCDr631lFgu40DB,0
"Gotye, Kimbra",Somebody That I Used To Know,1qDrWA6lyx8cLECdZE7TV7,81
"Daft Punk, Pharrell Williams, Nile Rodgers",Get Lucky (feat. Pharrell Williams & Nile Rodgers),69kOkLUCkxIZYexIgSG8rq,75
The Black Keys,Lonely Boy,3dOAXUx7I1qnzWzxdnsyB8,58
Wimps,Garbage People,3l0K7EhHhTRTCaaZoBzM43,0
Wimps,O.P.P.,1oepMSPxZLZpNoBd3JYSZN,0
Surahn,Watching The World,2cCbcR7odUks48dXGgKgEA,0
Surahn,Watching the World,0Tp9yWTKcWQNJETw6uAovi,1
Paramore,Hard Times,0w5Bdu51Ka25Pf3hojsKHh,74
Sharon Jones & The Dap-Kings,How Long Do I Have To Wait For You?,4fMXQkXkfmO6KWKVwxvkWT,0
BRONCHO,Class Historian,73i6MgP5CKhhnZ69Go6u2X,53
